ENERGY_BIN_INDEX,current_FHT,energy_FHT,error_FHT,current_PAN,energy_PAN,error_PAN,current_SPA,energy_SPA,error_SPA,current_nPKT,energy_nPKT,error_nPKT,current_PKT,energy_PKT,error_PKT
0,3.889815048116251e-05,1e-09,0.1134,6.553316918426584e-05,1e-09,0.0875,1.871155693787998e-05,1e-09,0.1644,1.0108452736761862e-05,1e-09,0.2077,4.409161852909753e-06,1e-09,0.3109
1,1.139813776872602e-05,1.0779e-09,0.2051,1.0477535887366859e-05,1.0779e-09,0.2188,6.942788022111463e-06,1.0779e-09,0.2771,1.1379561811476075e-06,1.0779e-09,0.7082,5.094324276101014e-07,1.0779e-09,1
2,8.457472536269715e-06,1.1619e-09,0.2343,1.0722419323800719e-05,1.1619e-09,0.2067,5.427155510134899e-06,1.1619e-09,0.3252,1.1952428493100813e-06,1.1619e-09,0.5829,1.4846965831714233e-06,1.1619e-09,0.5056
3,1.5774683696696915e-05,1.2524e-09,0.1701,1.3864888091833453e-05,1.2524e-09,0.1877,5.806738636575624e-06,1.2524e-09,0.284,5.999986191842486e-07,1.2524e-09,1,1.76988792684208e-06,1.2524e-09,0.519
4,1.6459282121186146e-05,1.35e-09,0.1732,2.2228748843538043e-05,1.35e-09,0.1467,4.587973441399042e-06,1.35e-09,0.309,3.509703922890646e-06,1.35e-09,0.363,9.348578485509776e-07,1.35e-09,0.7349
5,1.2401251460195398e-05,1.4551e-09,0.2056,2.3257026477096006e-05,1.4551e-09,0.1507,7.342015103344279e-06,1.4551e-09,0.2571,4.915704687169863e-06,1.4551e-09,0.312,1.9503915114374694e-06,1.4551e-09,0.4584
6,1.3054529956763207e-05,1.5685e-09,0.1889,2.252058817190926e-05,1.5685e-09,0.1444,8.635156127354937e-06,1.5685e-09,0.2441,2.9845011315739054e-06,1.5685e-09,0.4182,1.6940241014324237e-06,1.5685e-09,0.5153
7,1.7932638730454982e-05,1.6907e-09,0.1741,2.735177705358083e-05,1.6907e-09,0.1348,1.2096692161097471e-05,1.6907e-09,0.2083,3.0683089387015613e-06,1.6907e-09,0.4144,2.7643856381399717e-06,1.6907e-09,0.3838
8,2.790557577908789e-05,1.8224e-09,0.136,3.790347277027886e-05,1.8224e-09,0.1157,1.29587701771414e-05,1.8224e-09,0.1934,7.073863720458454e-06,1.8224e-09,0.2557,2.999321097467756e-06,1.8224e-09,0.4222
9,3.0133370652119007e-05,1.9644e-09,0.1275,4.737481097327374e-05,1.9644e-09,0.1018,1.0534547756161747e-05,1.9644e-09,0.2192,3.778323304699434e-06,1.9644e-09,0.3633,2.436510392700548e-06,1.9644e-09,0.4214
10,3.3458083000742764e-05,2.1175e-09,0.1191,4.937592636797704e-05,2.1175e-09,0.0987,2.294418719705334e-05,2.1175e-09,0.1517,7.739586188388143e-06,2.1175e-09,0.2561,6.2030857244363535e-06,2.1175e-09,0.2848
11,3.77694330787531e-05,2.2824e-09,0.1132,5.068728335006614e-05,2.2824e-09,0.0962,1.7707879247708564e-05,2.2824e-09,0.1648,8.237633042200605e-06,2.2824e-09,0.2349,7.237015344987035e-06,2.2824e-09,0.264
12,4.5086176240257334e-05,2.4602e-09,0.1023,6.939920028711762e-05,2.4602e-09,0.0833,2.792765572827387e-05,2.4602e-09,0.1328,9.086187089368121e-06,2.4602e-09,0.2445,3.6565715848945664e-06,2.4602e-09,0.3837
13,4.400293873318209e-05,2.6519e-09,0.1055,6.99837189419269e-05,2.6519e-09,0.083,3.0070250797380824e-05,2.6519e-09,0.1239,1.0807379128277209e-05,2.6519e-09,0.2029,5.839150561983956e-06,2.6519e-09,0.2867
14,5.1427921645587174e-05,2.8585e-09,0.0976,9.275858652864647e-05,2.8585e-09,0.072,4.0857385972246763e-05,2.8585e-09,0.1092,8.680468023075732e-06,2.8585e-09,0.2228,5.993326207169541e-06,2.8585e-09,0.296
15,7.337323114142257e-05,3.0812e-09,0.0817,9.787837474614566e-05,3.0812e-09,0.0719,5.0955002733946156e-05,3.0812e-09,0.0975,1.5899123410315727e-05,3.0812e-09,0.1738,6.178917780055613e-06,3.0812e-09,0.2743
16,7.512486711026907e-05,3.3213e-09,0.0808,0.000126539,3.3213e-09,0.0632,4.793652968055403e-05,3.3213e-09,0.0999,1.5136525165332549e-05,3.3213e-09,0.1723,1.033992020407076e-05,3.3213e-09,0.2151
17,0.000114148,3.58e-09,0.0663,0.000124501,3.58e-09,0.064,6.886856150831107e-05,3.58e-09,0.0856,2.258718801863871e-05,3.58e-09,0.1425,1.525268489800662e-05,3.58e-09,0.1784
18,0.000104852,3.8589e-09,0.0671,0.000160191,3.8589e-09,0.0554,7.984361625070551e-05,3.8589e-09,0.0777,2.251362818792672e-05,3.8589e-09,0.1474,1.0812227117120215e-05,3.8589e-09,0.2064
19,0.000147295,4.1596e-09,0.0586,0.000163623,4.1596e-09,0.0551,7.846793941663988e-05,4.1596e-09,0.0788,3.308080386899971e-05,4.1596e-09,0.1197,2.3166546685323023e-05,4.1596e-09,0.1466
20,0.000151977,4.4836e-09,0.0561,0.000212227,4.4836e-09,0.0483,8.789691771712033e-05,4.4836e-09,0.0742,3.498195949374692e-05,4.4836e-09,0.1175,2.70686977050497e-05,4.4836e-09,0.1294
21,0.000170301,4.8329e-09,0.0536,0.000243525,4.8329e-09,0.0454,0.000101264,4.8329e-09,0.0688,4.22412227875333e-05,4.8329e-09,0.1093,3.0316490230694037e-05,4.8329e-09,0.1265
22,0.00019736,5.2095e-09,0.0498,0.000264275,5.2095e-09,0.0433,0.000132009,5.2095e-09,0.0611,3.8324671800946206e-05,5.2095e-09,0.1086,2.4430263777048884e-05,5.2095e-09,0.1358
23,0.000227284,5.6153e-09,0.0465,0.000324222,5.6153e-09,0.039,0.000126655,5.6153e-09,0.062,5.4389154830709116e-05,5.6153e-09,0.0932,4.3389740144375795e-05,5.6153e-09,0.1058
24,0.000273914,6.0528e-09,0.0427,0.000410436,6.0528e-09,0.0346,0.000170085,6.0528e-09,0.0538,5.863006507082722e-05,6.0528e-09,0.0899,4.018106752870227e-05,6.0528e-09,0.1076
25,0.000325972,6.5243e-09,0.0389,0.000410604,6.5243e-09,0.0346,0.000188629,6.5243e-09,0.0516,7.122691608087667e-05,6.5243e-09,0.08,4.3026020981426304e-05,6.5243e-09,0.1045
26,0.00034766,7.0326e-09,0.0374,0.000494586,7.0326e-09,0.0315,0.000222505,7.0326e-09,0.0472,9.716689638351697e-05,7.0326e-09,0.0711,5.352539681853147e-05,7.0326e-09,0.0941
27,0.000430571,7.5805e-09,0.0338,0.000585409,7.5805e-09,0.0292,0.000241784,7.5805e-09,0.0448,9.530234067454e-05,7.5805e-09,0.0697,7.09507967163281e-05,7.5805e-09,0.0826
28,0.000499242,8.1711e-09,0.0315,0.000665516,8.1711e-09,0.0274,0.000302961,8.1711e-09,0.0406,0.000116049,8.1711e-09,0.0635,6.721148532184801e-05,8.1711e-09,0.0839
29,0.000571375,8.8077e-09,0.0295,0.00073052,8.8077e-09,0.0262,0.00035802,8.8077e-09,0.037,0.000127411,8.8077e-09,0.0601,8.640604114817132e-05,8.8077e-09,0.0732
30,0.000637159,9.4939e-09,0.0277,0.000898971,9.4939e-09,0.0234,0.000397931,9.4939e-09,0.0353,0.000158799,9.4939e-09,0.0549,9.895105227752326e-05,9.4939e-09,0.0702
31,0.000743849,1.0234e-08,0.0258,0.001031527,1.0234e-08,0.0222,0.000456154,1.0234e-08,0.0327,0.00018825,1.0234e-08,0.05,0.000112196,1.0234e-08,0.0653
32,0.000829842,1.1031e-08,0.0246,0.001157297,1.1031e-08,0.0208,0.000541352,1.1031e-08,0.0301,0.000195765,1.1031e-08,0.0489,0.000136434,1.1031e-08,0.0585
33,0.000939075,1.189e-08,0.023,0.001274085,1.189e-08,0.0198,0.000561668,1.189e-08,0.0296,0.000247813,1.189e-08,0.0441,0.000161037,1.189e-08,0.0537
34,0.001119657,1.2816e-08,0.0211,0.001458945,1.2816e-08,0.0186,0.000649381,1.2816e-08,0.0272,0.000279589,1.2816e-08,0.0409,0.00018768,1.2816e-08,0.0502
35,0.001267929,1.3815e-08,0.0199,0.001634636,1.3815e-08,0.0176,0.000783585,1.3815e-08,0.025,0.000338356,1.3815e-08,0.0377,0.000237571,1.3815e-08,0.0449
36,0.001443165,1.4891e-08,0.0187,0.001878332,1.4891e-08,0.0165,0.00088312,1.4891e-08,0.0237,0.000348455,1.4891e-08,0.0367,0.000241739,1.4891e-08,0.0444
37,0.0015692,1.6051e-08,0.0179,0.002103007,1.6051e-08,0.0156,0.000969172,1.6051e-08,0.0226,0.000406416,1.6051e-08,0.0342,0.000291749,1.6051e-08,0.04
38,0.001799108,1.7302e-08,0.0167,0.002384371,1.7302e-08,0.0147,0.001150679,1.7302e-08,0.0208,0.000482813,1.7302e-08,0.0314,0.000334749,1.7302e-08,0.0375
39,0.001997203,1.865e-08,0.0159,0.002617434,1.865e-08,0.0139,0.001271901,1.865e-08,0.0197,0.000560735,1.865e-08,0.0291,0.000363112,1.865e-08,0.0358
40,0.002241115,2.0103e-08,0.015,0.002935277,2.0103e-08,0.0132,0.001447233,2.0103e-08,0.0186,0.000620573,2.0103e-08,0.0276,0.000460709,2.0103e-08,0.0321
41,0.002504718,2.1669e-08,0.0142,0.003248441,2.1669e-08,0.0126,0.001561016,2.1669e-08,0.0179,0.000739871,2.1669e-08,0.0254,0.000490765,2.1669e-08,0.0311
42,0.002750406,2.3357e-08,0.0136,0.00358966,2.3357e-08,0.012,0.001754288,2.3357e-08,0.0169,0.000794644,2.3357e-08,0.0244,0.000559012,2.3357e-08,0.0291
43,0.003091937,2.5177e-08,0.0129,0.003935259,2.5177e-08,0.0115,0.001966279,2.5177e-08,0.0161,0.000881669,2.5177e-08,0.0232,0.000632762,2.5177e-08,0.0275
44,0.00333688,2.7138e-08,0.0125,0.004301906,2.7138e-08,0.0111,0.002205043,2.7138e-08,0.0151,0.001001932,2.7138e-08,0.0218,0.000744878,2.7138e-08,0.0253
45,0.003681496,2.9253e-08,0.0119,0.004725481,2.9253e-08,0.0106,0.002418294,2.9253e-08,0.0145,0.00114566,2.9253e-08,0.0205,0.000795459,2.9253e-08,0.0244
46,0.004005855,3.1532e-08,0.0114,0.005109372,3.1532e-08,0.0102,0.002664294,3.1532e-08,0.0139,0.001269825,3.1532e-08,0.0193,0.000921672,3.1532e-08,0.0227
47,0.004318754,3.3988e-08,0.011,0.005513027,3.3988e-08,0.0099,0.002872937,3.3988e-08,0.0134,0.001404777,3.3988e-08,0.0185,0.000991949,3.3988e-08,0.0221
48,0.004554278,3.6636e-08,0.0108,0.005835191,3.6636e-08,0.0097,0.003099005,3.6636e-08,0.0129,0.001571708,3.6636e-08,0.0175,0.001137685,3.6636e-08,0.0205
49,0.004905205,3.949e-08,0.0104,0.006353913,3.949e-08,0.0093,0.003364564,3.949e-08,0.0125,0.001725452,3.949e-08,0.0167,0.001251993,3.949e-08,0.0195
50,0.005328192,4.2567e-08,0.0101,0.006664005,4.2567e-08,0.0091,0.00365728,4.2567e-08,0.012,0.001895492,4.2567e-08,0.016,0.001358289,4.2567e-08,0.0189
51,0.005529707,4.5883e-08,0.0099,0.007021412,4.5883e-08,0.0089,0.003901275,4.5883e-08,0.0116,0.002038987,4.5883e-08,0.0154,0.001483209,4.5883e-08,0.018
52,0.005743763,4.9458e-08,0.0098,0.007160792,4.9458e-08,0.0088,0.004119003,4.9458e-08,0.0114,0.002255719,4.9458e-08,0.0148,0.001685732,4.9458e-08,0.017
53,0.006164146,5.3311e-08,0.0095,0.007542715,5.3311e-08,0.0087,0.004449326,5.3311e-08,0.0111,0.002404878,5.3311e-08,0.0144,0.001785056,5.3311e-08,0.0166
54,0.006321357,5.7464e-08,0.0094,0.007649082,5.7464e-08,0.0087,0.004580365,5.7464e-08,0.0109,0.00253995,5.7464e-08,0.0139,0.00190934,5.7464e-08,0.016
55,0.006474825,6.1941e-08,0.0094,0.00783843,6.1941e-08,0.0086,0.004783237,6.1941e-08,0.0108,0.002787138,6.1941e-08,0.0135,0.002112787,6.1941e-08,0.0153
56,0.006545817,6.6767e-08,0.0094,0.008024658,6.6767e-08,0.0086,0.004928221,6.6767e-08,0.0107,0.002944493,6.6767e-08,0.0131,0.002364763,6.6767e-08,0.0145
57,0.006670749,7.1969e-08,0.0094,0.007862502,7.1969e-08,0.0088,0.005099556,7.1969e-08,0.0106,0.003138533,7.1969e-08,0.0128,0.002501526,7.1969e-08,0.0142
58,0.006760016,7.7575e-08,0.0094,0.008001774,7.7575e-08,0.0088,0.005262024,7.7575e-08,0.0105,0.003163949,7.7575e-08,0.0127,0.002651874,7.7575e-08,0.0139
59,0.006713409,8.3619e-08,0.0095,0.007833474,8.3619e-08,0.0089,0.005324448,8.3619e-08,0.0105,0.003368644,8.3619e-08,0.0124,0.002749218,8.3619e-08,0.0136
60,0.006641409,9.0134e-08,0.0097,0.007806954,9.0134e-08,0.009,0.005399556,9.0134e-08,0.0105,0.003510256,9.0134e-08,0.0122,0.002888537,9.0134e-08,0.0133
61,0.006639777,9.7156e-08,0.0098,0.007577047,9.7156e-08,0.0093,0.005378256,9.7156e-08,0.0106,0.003584872,9.7156e-08,0.0122,0.003054089,9.7156e-08,0.013
62,0.006543081,1.0472e-07,0.0099,0.007416379,1.0472e-07,0.0095,0.005389608,1.0472e-07,0.0107,0.003538696,1.0472e-07,0.0123,0.003198293,1.0472e-07,0.0128
63,0.006366825,1.1288e-07,0.0102,0.007140116,1.1288e-07,0.0098,0.005443403,1.1288e-07,0.0108,0.003772335,1.1288e-07,0.012,0.003315172,1.1288e-07,0.0127
64,0.006228658,1.2168e-07,0.0104,0.006872804,1.2168e-07,0.0101,0.005362224,1.2168e-07,0.011,0.003824619,1.2168e-07,0.012,0.003418024,1.2168e-07,0.0126
65,0.00617707,1.3116e-07,0.0106,0.006643629,1.3116e-07,0.0103,0.005425392,1.3116e-07,0.011,0.003951243,1.3116e-07,0.012,0.00354502,1.3116e-07,0.0124
66,0.006074458,1.4138e-07,0.0108,0.006452325,1.4138e-07,0.0106,0.005420304,1.4138e-07,0.0111,0.003965799,1.4138e-07,0.012,0.003706191,1.4138e-07,0.0123
67,0.005831519,1.5239e-07,0.0111,0.006476109,1.5239e-07,0.0107,0.005430888,1.5239e-07,0.0113,0.004037079,1.5239e-07,0.012,0.003699327,1.5239e-07,0.0124
68,0.005803919,1.6426e-07,0.0112,0.006225574,1.6426e-07,0.011,0.005334012,1.6426e-07,0.0114,0.004189922,1.6426e-07,0.0119,0.003774939,1.6426e-07,0.0124
69,0.005680403,1.7706e-07,0.0115,0.00604219,1.7706e-07,0.0113,0.005317848,1.7706e-07,0.0116,0.004158662,1.7706e-07,0.012,0.003912075,1.7706e-07,0.0122
70,0.005576075,1.9085e-07,0.0117,0.006088186,1.9085e-07,0.0113,0.005202528,1.9085e-07,0.0118,0.004222418,1.9085e-07,0.0121,0.004006851,1.9085e-07,0.0122
71,0.005489255,2.0572e-07,0.0118,0.005764967,2.0572e-07,0.0118,0.005112876,2.0572e-07,0.012,0.004280618,2.0572e-07,0.0121,0.004102395,2.0572e-07,0.0122
72,0.005488139,2.2175e-07,0.0119,0.005675243,2.2175e-07,0.0119,0.005212488,2.2175e-07,0.012,0.004358126,2.2175e-07,0.0121,0.004111911,2.2175e-07,0.0123
73,0.005435843,2.3903e-07,0.0121,0.005668859,2.3903e-07,0.0121,0.005183916,2.3903e-07,0.0121,0.004298222,2.3903e-07,0.0123,0.00421895,2.3903e-07,0.0122
74,0.005408844,2.5765e-07,0.0122,0.005788823,2.5765e-07,0.012,0.005223072,2.5765e-07,0.0122,0.004332746,2.5765e-07,0.0124,0.004205894,2.5765e-07,0.0123
75,0.005401104,2.7772e-07,0.0123,0.005561819,2.7772e-07,0.0123,0.005176848,2.7772e-07,0.0123,0.004395734,2.7772e-07,0.0124,0.004362302,2.7772e-07,0.0122
76,0.005450555,2.9936e-07,0.0123,0.005631551,2.9936e-07,0.0123,0.005246724,2.9936e-07,0.0123,0.004540178,2.9936e-07,0.0123,0.004401518,2.9936e-07,0.0122
77,0.005559947,3.2268e-07,0.0123,0.005746907,3.2268e-07,0.0122,0.00516648,3.2268e-07,0.0124,0.004495982,3.2268e-07,0.0124,0.004440614,3.2268e-07,0.0123
78,0.005494079,3.4782e-07,0.0123,0.005629091,3.4782e-07,0.0123,0.005396928,3.4782e-07,0.0122,0.004623397,3.4782e-07,0.0123,0.004580209,3.4782e-07,0.0122
79,0.005442311,3.7492e-07,0.0125,0.005639843,3.7492e-07,0.0124,0.005163996,3.7492e-07,0.0125,0.004798849,3.7492e-07,0.0122,0.00452765,3.7492e-07,0.0123
80,0.005426856,4.0413e-07,0.0125,0.005504747,4.0413e-07,0.0126,0.005247468,4.0413e-07,0.0125,0.004807609,4.0413e-07,0.0123,0.004671121,4.0413e-07,0.0122
81,0.005534087,4.3561e-07,0.0124,0.005703215,4.3561e-07,0.0124,0.005483951,4.3561e-07,0.0123,0.004818001,4.3561e-07,0.0123,0.004758121,4.3561e-07,0.0122
82,0.005486927,4.6955e-07,0.0125,0.005708207,4.6955e-07,0.0124,0.005291316,4.6955e-07,0.0126,0.004809601,4.6955e-07,0.0124,0.004809541,4.6955e-07,0.0122
83,0.005449583,5.0613e-07,0.0126,0.005634719,5.0613e-07,0.0125,0.005435111,5.0613e-07,0.0124,0.004850857,5.0613e-07,0.0124,0.004910737,5.0613e-07,0.0122
84,0.005639567,5.4556e-07,0.0125,0.005746031,5.4556e-07,0.0124,0.005438723,5.4556e-07,0.0125,0.005063916,5.4556e-07,0.0122,0.004938733,5.4556e-07,0.0122
85,0.005599379,5.8806e-07,0.0125,0.005734763,5.8806e-07,0.0125,0.005368932,5.8806e-07,0.0126,0.0050946,5.8806e-07,0.0123,0.004956529,5.8806e-07,0.0123
86,0.005721863,6.3388e-07,0.0124,0.005720291,6.3388e-07,0.0125,0.005585579,6.3388e-07,0.0124,0.005090892,6.3388e-07,0.0123,0.005050356,6.3388e-07,0.0122
87,0.005689703,6.8326e-07,0.0125,0.005616611,6.8326e-07,0.0126,0.005423436,6.8326e-07,0.0127,0.005249436,6.8326e-07,0.0122,0.00506016,6.8326e-07,0.0123
88,0.005647751,7.3649e-07,0.0126,0.005669051,7.3649e-07,0.0127,0.005471531,7.3649e-07,0.0126,0.005252952,7.3649e-07,0.0123,0.005254116,7.3649e-07,0.0122
89,0.005721167,7.9387e-07,0.0126,0.005714795,7.9387e-07,0.0126,0.005674043,7.9387e-07,0.0124,0.00533898,7.9387e-07,0.0123,0.005293656,7.9387e-07,0.0122
90,0.005654291,8.5572e-07,0.0127,0.005874022,8.5572e-07,0.0125,0.005637815,8.5572e-07,0.0125,0.005430672,8.5572e-07,0.0122,0.00520722,8.5572e-07,0.0123
91,0.005750147,9.2239e-07,0.0126,0.005956906,9.2239e-07,0.0125,0.005652479,9.2239e-07,0.0125,0.005375748,9.2239e-07,0.0123,0.005273112,9.2239e-07,0.0123
92,0.005751575,9.9425e-07,0.0126,0.005956318,9.9425e-07,0.0124,0.005760251,9.9425e-07,0.0125,0.005445743,9.9425e-07,0.0123,0.005439791,9.9425e-07,0.0122
93,0.005870434,1.0717e-06,0.0125,0.005819963,1.0717e-06,0.0126,0.005756915,1.0717e-06,0.0125,0.005564411,1.0717e-06,0.0123,0.005479499,1.0717e-06,0.0122
94,0.005926942,1.1552e-06,0.0125,0.005985958,1.1552e-06,0.0125,0.005705687,1.1552e-06,0.0126,0.005685623,1.1552e-06,0.0122,0.005544791,1.1552e-06,0.0122
95,0.005983498,1.2452e-06,0.0124,0.006033994,1.2452e-06,0.0124,0.005869318,1.2452e-06,0.0125,0.005621459,1.2452e-06,0.0122,0.005557415,1.2452e-06,0.0122
96,0.005969218,1.3422e-06,0.0125,0.005965834,1.3422e-06,0.0126,0.00587785,1.3422e-06,0.0124,0.005751311,1.3422e-06,0.0122,0.005585627,1.3422e-06,0.0122
97,0.005994262,1.4468e-06,0.0125,0.005951794,1.4468e-06,0.0126,0.005855651,1.4468e-06,0.0125,0.005812595,1.4468e-06,0.0121,0.005753591,1.4468e-06,0.0121
98,0.00603025,1.5595e-06,0.0124,0.006130342,1.5595e-06,0.0125,0.005962942,1.5595e-06,0.0124,0.005821379,1.5595e-06,0.0122,0.005749631,1.5595e-06,0.0121
99,0.006137134,1.681e-06,0.0124,0.00625063,1.681e-06,0.0123,0.006064246,1.681e-06,0.0123,0.005903434,1.681e-06,0.0121,0.005707391,1.681e-06,0.0122
100,0.006006922,1.8119e-06,0.0125,0.00613027,1.8119e-06,0.0125,0.005951158,1.8119e-06,0.0125,0.005948734,1.8119e-06,0.0121,0.005849423,1.8119e-06,0.0121
101,0.006046702,1.9531e-06,0.0125,0.00616021,1.9531e-06,0.0124,0.006088534,1.9531e-06,0.0124,0.005990386,1.9531e-06,0.0121,0.006009934,1.9531e-06,0.012
102,0.006069226,2.1053e-06,0.0125,0.006225622,2.1053e-06,0.0124,0.005969866,2.1053e-06,0.0125,0.006186862,2.1053e-06,0.0119,0.006072574,2.1053e-06,0.012
103,0.006279046,2.2693e-06,0.0123,0.006237802,2.2693e-06,0.0124,0.00609907,2.2693e-06,0.0124,0.006152098,2.2693e-06,0.012,0.006079498,2.2693e-06,0.012
104,0.006157462,2.4461e-06,0.0124,0.006129658,2.4461e-06,0.0125,0.006054562,2.4461e-06,0.0125,0.006149986,2.4461e-06,0.012,0.006256894,2.4461e-06,0.0119
105,0.006146662,2.6367e-06,0.0125,0.006333201,2.6367e-06,0.0123,0.006191266,2.6367e-06,0.0124,0.006104314,2.6367e-06,0.0121,0.006174082,2.6367e-06,0.012
106,0.006220258,2.8421e-06,0.0124,0.006293566,2.8421e-06,0.0124,0.006171202,2.8421e-06,0.0124,0.006317529,2.8421e-06,0.012,0.006310845,2.8421e-06,0.0119
107,0.006327645,3.0635e-06,0.0123,0.006436581,3.0635e-06,0.0123,0.006329205,3.0635e-06,0.0123,0.006321393,3.0635e-06,0.012,0.006376929,3.0635e-06,0.0119
108,0.006302349,3.3022e-06,0.0124,0.006240646,3.3022e-06,0.0125,0.006374229,3.3022e-06,0.0122,0.006361137,3.3022e-06,0.012,0.00626023,3.3022e-06,0.012
109,0.006304425,3.5594e-06,0.0124,0.006472329,3.5594e-06,0.0123,0.006362493,3.5594e-06,0.0122,0.006412389,3.5594e-06,0.0119,0.006437121,3.5594e-06,0.0119
110,0.006403989,3.8367e-06,0.0123,0.006527745,3.8367e-06,0.0122,0.006427845,3.8367e-06,0.0122,0.006381009,3.8367e-06,0.012,0.006572241,3.8367e-06,0.0118
111,0.006252634,4.1356e-06,0.0124,0.006491493,4.1356e-06,0.0123,0.006468069,4.1356e-06,0.0122,0.006547089,4.1356e-06,0.0119,0.006540789,4.1356e-06,0.0118
112,0.006410037,4.4578e-06,0.0123,0.006565401,4.4578e-06,0.0122,0.006323241,4.4578e-06,0.0123,0.006560421,4.4578e-06,0.0119,0.006613773,4.4578e-06,0.0118
113,0.006558333,4.8051e-06,0.0122,0.006596457,4.8051e-06,0.0122,0.006426705,4.8051e-06,0.0122,0.006673905,4.8051e-06,0.0118,0.006709749,4.8051e-06,0.0117
114,0.006627357,5.1795e-06,0.0121,0.006701133,5.1795e-06,0.0121,0.006471789,5.1795e-06,0.0122,0.006651801,5.1795e-06,0.0119,0.006556293,5.1795e-06,0.0119
115,0.006482781,5.583e-06,0.0123,0.006583185,5.583e-06,0.0122,0.006506253,5.583e-06,0.0122,0.006578937,5.583e-06,0.012,0.006822344,5.583e-06,0.0117
116,0.006563913,6.018e-06,0.0122,0.006759692,6.018e-06,0.0121,0.006647721,6.018e-06,0.0121,0.006610809,6.018e-06,0.0119,0.006755348,6.018e-06,0.0118
117,0.006422877,6.4868e-06,0.0124,0.006680085,6.4868e-06,0.0122,0.006657693,6.4868e-06,0.0121,0.00697646,6.4868e-06,0.0117,0.006921356,6.4868e-06,0.0117
118,0.006761132,6.9922e-06,0.0121,0.006692913,6.9922e-06,0.0122,0.006695829,6.9922e-06,0.0121,0.006768488,6.9922e-06,0.0119,0.007025816,6.9922e-06,0.0116
119,0.006903968,7.5369e-06,0.0119,0.00695702,7.5369e-06,0.0119,0.006841796,7.5369e-06,0.012,0.007037336,7.5369e-06,0.0117,0.006953024,7.5369e-06,0.0117
120,0.006846212,8.1241e-06,0.012,0.006835628,8.1241e-06,0.012,0.006798728,8.1241e-06,0.012,0.00693548,8.1241e-06,0.0117,0.006939968,8.1241e-06,0.0116
121,0.006840176,8.757e-06,0.012,0.006735728,8.757e-06,0.0121,0.006882284,8.757e-06,0.012,0.00708818,8.757e-06,0.0116,0.007119092,8.757e-06,0.0116
122,0.00685034,9.4392e-06,0.012,0.006882992,9.4392e-06,0.012,0.006739796,9.4392e-06,0.0121,0.007050848,9.4392e-06,0.0117,0.007289335,9.4392e-06,0.0115
123,0.006897812,1.0175e-05,0.012,0.006983996,1.0175e-05,0.0119,0.006891224,1.0175e-05,0.012,0.00712988,1.0175e-05,0.0117,0.007215499,1.0175e-05,0.0115
124,0.006992444,1.0967e-05,0.0119,0.007038476,1.0967e-05,0.0119,0.007002032,1.0967e-05,0.0119,0.007302739,1.0967e-05,0.0116,0.007241431,1.0967e-05,0.0115
125,0.006983936,1.1822e-05,0.0119,0.006853088,1.1822e-05,0.012,0.0070271,1.1822e-05,0.0119,0.007265551,1.1822e-05,0.0116,0.007298671,1.1822e-05,0.0115
126,0.006988376,1.2743e-05,0.0119,0.007025168,1.2743e-05,0.0119,0.0070835,1.2743e-05,0.0118,0.007354519,1.2743e-05,0.0115,0.007318423,1.2743e-05,0.0115
127,0.007062656,1.3736e-05,0.0119,0.007137452,1.3736e-05,0.0118,0.007091408,1.3736e-05,0.0118,0.007436359,1.3736e-05,0.0114,0.007482823,1.3736e-05,0.0114
128,0.006946148,1.4806e-05,0.012,0.007052732,1.4806e-05,0.0119,0.007055936,1.4806e-05,0.0119,0.007331863,1.4806e-05,0.0116,0.007560283,1.4806e-05,0.0114
129,0.007005356,1.5959e-05,0.0119,0.007156916,1.5959e-05,0.0118,0.007187635,1.5959e-05,0.0118,0.007498183,1.5959e-05,0.0115,0.007440319,1.5959e-05,0.0115
130,0.007270963,1.7202e-05,0.0118,0.007270975,1.7202e-05,0.0118,0.007231843,1.7202e-05,0.0118,0.007605426,1.7202e-05,0.0114,0.007466647,1.7202e-05,0.0114
131,0.007361491,1.8543e-05,0.0117,0.007275619,1.8543e-05,0.0118,0.007086968,1.8543e-05,0.0119,0.007596595,1.8543e-05,0.0114,0.007621134,1.8543e-05,0.0113
132,0.007075784,1.9987e-05,0.0119,0.007181419,1.9987e-05,0.0118,0.007286407,1.9987e-05,0.0117,0.007556047,1.9987e-05,0.0114,0.007654686,1.9987e-05,0.0113
133,0.007291267,2.1544e-05,0.0117,0.007269439,2.1544e-05,0.0117,0.007391371,2.1544e-05,0.0116,0.007612902,2.1544e-05,0.0114,0.007733886,2.1544e-05,0.0113
134,0.007465003,2.3223e-05,0.0116,0.007379299,2.3223e-05,0.0117,0.007450447,2.3223e-05,0.0116,0.007851582,2.3223e-05,0.0112,0.007784466,2.3223e-05,0.0113
135,0.007223359,2.5032e-05,0.0118,0.007426255,2.5032e-05,0.0116,0.007378747,2.5032e-05,0.0117,0.007774206,2.5032e-05,0.0113,0.007775262,2.5032e-05,0.0113
136,0.007244143,2.6982e-05,0.0118,0.007453027,2.6982e-05,0.0116,0.007481647,2.6982e-05,0.0116,0.007868538,2.6982e-05,0.0112,0.00785595,2.6982e-05,0.0112
137,0.007354999,2.9084e-05,0.0117,0.007360567,2.9084e-05,0.0117,0.007561831,2.9084e-05,0.0115,0.007911054,2.9084e-05,0.0113,0.007885962,2.9084e-05,0.0112
138,0.007444663,3.135e-05,0.0116,0.007490503,3.135e-05,0.0116,0.007328227,3.135e-05,0.0117,0.00803763,3.135e-05,0.0111,0.008195189,3.135e-05,0.011
139,0.007526719,3.3793e-05,0.0116,0.007478743,3.3793e-05,0.0116,0.007451311,3.3793e-05,0.0116,0.007993962,3.3793e-05,0.0112,0.008048309,3.3793e-05,0.0111
140,0.007547395,3.6425e-05,0.0116,0.00762387,3.6425e-05,0.0115,0.007672254,3.6425e-05,0.0115,0.007868898,3.6425e-05,0.0113,0.007994898,3.6425e-05,0.0112
141,0.007657926,3.9263e-05,0.0115,0.007733622,3.9263e-05,0.0115,0.00769305,3.9263e-05,0.0115,0.008119733,3.9263e-05,0.0111,0.008113457,3.9263e-05,0.0111
142,0.007644498,4.2322e-05,0.0115,0.007699014,4.2322e-05,0.0115,0.007600735,4.2322e-05,0.0115,0.008052953,4.2322e-05,0.0112,0.008148821,4.2322e-05,0.0111
143,0.00777093,4.5619e-05,0.0114,0.007530871,4.5619e-05,0.0116,0.007689114,4.5619e-05,0.0115,0.008083661,4.5619e-05,0.0112,0.008280545,4.5619e-05,0.011
144,0.007765674,4.9173e-05,0.0114,0.00782613,4.9173e-05,0.0114,0.007689246,4.9173e-05,0.0115,0.008171153,4.9173e-05,0.0111,0.008323001,4.9173e-05,0.011
145,0.00772623,5.3004e-05,0.0115,0.007809054,5.3004e-05,0.0114,0.007862562,5.3004e-05,0.0113,0.008308685,5.3004e-05,0.0111,0.008458481,5.3004e-05,0.0109
146,0.007739454,5.7134e-05,0.0115,0.00784473,5.7134e-05,0.0114,0.007900422,5.7134e-05,0.0114,0.008148149,5.7134e-05,0.0111,0.008374445,5.7134e-05,0.011
147,0.00776121,6.1585e-05,0.0114,0.007772526,6.1585e-05,0.0114,0.007929738,6.1585e-05,0.0113,0.008360933,6.1585e-05,0.011,0.008396465,6.1585e-05,0.011
148,0.007927326,6.6383e-05,0.0113,0.007950318,6.6383e-05,0.0113,0.008021286,6.6383e-05,0.0113,0.008468513,6.6383e-05,0.011,0.008546104,6.6383e-05,0.0109
149,0.008143193,7.1554e-05,0.0112,0.008015766,7.1554e-05,0.0113,0.008053541,7.1554e-05,0.0112,0.008563264,7.1554e-05,0.0109,0.008510956,7.1554e-05,0.0109
150,0.007994814,7.7129e-05,0.0113,0.00782703,7.7129e-05,0.0114,0.008086061,7.7129e-05,0.0112,0.008600932,7.7129e-05,0.0109,0.008751976,7.7129e-05,0.0108
151,0.007899654,8.3138e-05,0.0113,0.007906962,8.3138e-05,0.0113,0.008076989,8.3138e-05,0.0112,0.008530312,8.3138e-05,0.0109,0.0086026,8.3138e-05,0.0109
152,0.00801435,8.9615e-05,0.0113,0.008128589,8.9615e-05,0.0112,0.008116709,8.9615e-05,0.0112,0.008494084,8.9615e-05,0.011,0.008702344,8.9615e-05,0.0108
153,0.008246681,9.6597e-05,0.0111,0.008182697,9.6597e-05,0.0112,0.008172137,9.6597e-05,0.0112,0.008739388,9.6597e-05,0.0108,0.008972739,9.6597e-05,0.0107
154,0.008244449,0.00010412,0.0111,0.008116109,0.00010412,0.0112,0.008252885,0.00010412,0.0111,0.008761504,0.00010412,0.0108,0.008887888,0.00010412,0.0107
155,0.008308673,0.00011223,0.0111,0.008316773,0.00011223,0.0111,0.008213813,0.00011223,0.0112,0.008610028,0.00011223,0.0109,0.009126207,0.00011223,0.0106
156,0.008146649,0.00012098,0.0112,0.008189465,0.00012098,0.0111,0.008415809,0.00012098,0.011,0.008818936,0.00012098,0.0107,0.009077967,0.00012098,0.0106
157,0.008319473,0.0001304,0.0111,0.008203493,0.0001304,0.0112,0.008443709,0.0001304,0.011,0.008926683,0.0001304,0.0107,0.009161739,0.0001304,0.0106
158,0.008440373,0.00014056,0.011,0.008145329,0.00014056,0.0112,0.00852418,0.00014056,0.011,0.009081639,0.00014056,0.0106,0.009004923,0.00014056,0.0107
159,0.008358137,0.00015151,0.0111,0.008391113,0.00015151,0.011,0.008444021,0.00015151,0.011,0.009197451,0.00015151,0.0106,0.009179175,0.00015151,0.0106
160,0.008500768,0.00016332,0.011,0.008409101,0.00016332,0.011,0.008694976,0.00016332,0.0109,0.008939943,0.00016332,0.0107,0.009315507,0.00016332,0.0105
161,0.008511112,0.00017604,0.011,0.008449409,0.00017604,0.011,0.008662588,0.00017604,0.0109,0.009074271,0.00017604,0.0107,0.00935795,0.00017604,0.0105
162,0.008568652,0.00018976,0.011,0.00848074,0.00018976,0.011,0.008570152,0.00018976,0.011,0.009217383,0.00018976,0.0105,0.009164163,0.00018976,0.0106
163,0.008408789,0.00020454,0.011,0.008657212,0.00020454,0.0109,0.008927415,0.00020454,0.0108,0.009251847,0.00020454,0.0105,0.00940205,0.00020454,0.0104
164,0.008652376,0.00022047,0.0109,0.008673484,0.00022047,0.0109,0.008784532,0.00022047,0.0108,0.009342434,0.00022047,0.0105,0.009439238,0.00022047,0.0105
165,0.008730148,0.00023765,0.0108,0.00873322,0.00023765,0.0109,0.008834248,0.00023765,0.0108,0.00940697,0.00023765,0.0105,0.009495602,0.00023765,0.0104
166,0.008805688,0.00025617,0.0108,0.008760232,0.00025617,0.0108,0.008789188,0.00025617,0.0108,0.00938213,0.00025617,0.0105,0.009570494,0.00025617,0.0103
167,0.008853748,0.00027612,0.0108,0.00874942,0.00027612,0.0108,0.008902768,0.00027612,0.0107,0.00968639,0.00027612,0.0103,0.009661022,0.00027612,0.0103
168,0.008927007,0.00029764,0.0107,0.008875984,0.00029764,0.0108,0.008875648,0.00029764,0.0108,0.009673034,0.00029764,0.0103,0.009639926,0.00029764,0.0103
169,0.008945103,0.00032082,0.0107,0.008824348,0.00032082,0.0108,0.008861188,0.00032082,0.0108,0.00965909,0.00032082,0.0103,0.00975377,0.00032082,0.0103
170,0.009100791,0.00034582,0.0107,0.008916663,0.00034582,0.0107,0.009116175,0.00034582,0.0106,0.00959999,0.00034582,0.0104,0.009725894,0.00034582,0.0103
171,0.009090651,0.00037276,0.0107,0.009059007,0.00037276,0.0106,0.009098799,0.00037276,0.0106,0.009808441,0.00037276,0.0103,0.009832009,0.00037276,0.0102
172,0.009306687,0.0004018,0.0105,0.008959503,0.0004018,0.0107,0.009025479,0.0004018,0.0107,0.009891121,0.0004018,0.0102,0.010053348863575978,0.0004018,0.0102
173,0.009084951,0.0004331,0.0106,0.009192255,0.0004331,0.0106,0.009083343,0.0004331,0.0107,0.009985885,0.0004331,0.0102,0.009926281,0.0004331,0.0102
174,0.009265479,0.00046685,0.0106,0.009125631,0.00046685,0.0106,0.009303831,0.00046685,0.0105,0.009965161,0.00046685,0.0102,0.010217556485674325,0.00046685,0.0101
175,0.009296463,0.00050322,0.0105,0.009255015,0.00050322,0.0105,0.009432638,0.00050322,0.0105,0.010112724726930452,0.00050322,0.0101,0.010310184272503988,0.00050322,0.01
176,0.009297099,0.00054242,0.0105,0.009247935,0.00054242,0.0105,0.009393506,0.00054242,0.0105,0.010151496637702137,0.00054242,0.0101,0.010326192235663825,0.00054242,0.01
177,0.009439634,0.00058468,0.0105,0.009276795,0.00058468,0.0105,0.00944813,0.00058468,0.0105,0.010331412223650728,0.00058468,0.0101,0.010565687684497409,0.00058468,0.0099
178,0.009598058,0.00063023,0.0104,0.009369746,0.00063023,0.0105,0.009669266,0.00063023,0.0104,0.010227804462089991,0.00063023,0.01,0.010711991347799297,0.00063023,0.0099
179,0.009362678,0.00067933,0.0105,0.009569378,0.00067933,0.0104,0.00973403,0.00067933,0.0103,0.010320960247704538,0.00067933,0.01,0.010502256,0.00067933,0.0099
180,0.009740126,0.00073225,0.0103,0.00954383,0.00073225,0.0104,0.009737702,0.00073225,0.0103,0.010565123685795375,0.00073225,0.0099,0.010613735573921684,0.00073225,0.0099
181,0.009689606,0.0007893,0.0104,0.009473486,0.0007893,0.0104,0.009780841,0.0007893,0.0103,0.010510811810786816,0.0007893,0.01,0.010708511355808028,0.0007893,0.0098
182,0.009804325,0.00085079,0.0103,0.009584666,0.00085079,0.0104,0.009935797,0.00085079,0.0102,0.010669067446582855,0.00085079,0.0099,0.010769951214412496,0.00085079,0.0098
183,0.009779833,0.00091708,0.0103,0.00975125,0.00091708,0.0103,0.010040388893401598,0.00091708,0.0102,0.010619219561301027,0.00091708,0.0099,0.010997663,0.00091708,0.0097
184,0.009913465,0.00098852,0.0102,0.009869269,0.00098852,0.0102,0.010018260944326084,0.00098852,0.0102,0.010807763127393486,0.00098852,0.0098,0.011143558354606143,0.00098852,0.0097
185,0.009872281,0.0010655,0.0102,0.010132008682551036,0.0010655,0.0101,0.010058712851231487,0.0010655,0.0102,0.010972774747641538,0.0010655,0.0098,0.011200426223732426,0.0010655,0.0096
186,0.009843565,0.0011486,0.0102,0.009888733,0.0011486,0.0102,0.010103616747891236,0.0011486,0.0101,0.011022286633696624,0.0011486,0.0098,0.011385741797253674,0.0011486,0.0096
187,0.010174824584016022,0.001238,0.0101,0.009887473,0.001238,0.0102,0.010220148,0.001238,0.0101,0.010973122746840664,0.001238,0.0098,0.011231002153366055,0.001238,0.0096
188,0.010116888717347592,0.0013345,0.0101,0.010357332163999486,0.0013345,0.01,0.010229052459217895,0.0013345,0.0101,0.011286358025971993,0.0013345,0.0096,0.011652309,0.0013345,0.0095
189,0.010198680529114788,0.0014384,0.0101,0.010209120505088595,0.0014384,0.0101,0.010706555360309487,0.0014384,0.0099,0.011368473836993548,0.0014384,0.0096,0.011598789306953615,0.0014384,0.0095
190,0.010163844609284952,0.0015505,0.0101,0.010071684821378251,0.0015505,0.0101,0.010305384283550514,0.0015505,0.0101,0.011543649433850584,0.0015505,0.0095,0.011792744860591117,0.0015505,0.0095
191,0.010502423830090623,0.0016713,0.01,0.010182637,0.0016713,0.0101,0.010535591753759127,0.0016713,0.01,0.011566557381131038,0.0016713,0.0095,0.011811248818006758,0.0016713,0.0094
192,0.010326012236078068,0.0018015,0.01,0.010291428,0.0018015,0.01,0.010708787355172852,0.0018015,0.0099,0.011388621790625757,0.0018015,0.0096,0.012144932050079884,0.0018015,0.0093
193,0.010354248,0.0019419,0.01,0.010445411961295736,0.0019419,0.0099,0.010640136,0.0019419,0.0099,0.011851820724635998,0.0019419,0.0094,0.012244051821969124,0.0019419,0.0093
194,0.010640807511619277,0.0020932,0.0099,0.010488467862208396,0.0020932,0.01,0.010702235,0.0020932,0.0099,0.011898488617236148,0.0020932,0.0094,0.012278852,0.0020932,0.0092
195,0.010618116,0.0022562,0.0099,0.010461695923820395,0.0022562,0.0099,0.010887202944573479,0.0022562,0.0098,0.011821916793455853,0.0022562,0.0094,0.012460411324046962,0.0022562,0.0092
196,0.010599047607724052,0.002432,0.0099,0.010532111761767857,0.002432,0.0099,0.010982758724664764,0.002432,0.0098,0.012107372,0.002432,0.0093,0.012444811359948174,0.002432,0.0092
197,0.010066644832977102,0.0026215,0.0102,0.009966733,0.0026215,0.0102,0.010366512142873006,0.0026215,0.01,0.011398389768146076,0.0026215,0.0096,0.011650161188728171,0.0026215,0.0095
198,0.008618488,0.0028257,0.011,0.008439833,0.0028257,0.011,0.008935083,0.0028257,0.0108,0.009412646,0.0028257,0.0106,0.009903853,0.0028257,0.0103
199,0.008643676,0.0030459,0.011,0.00864028,0.0030459,0.0109,0.009068811,0.0030459,0.0107,0.009666614,0.0030459,0.0104,0.009955069,0.0030459,0.0102
200,0.010211400499841492,0.0032832,0.0101,0.010029780917814422,0.0032832,0.0101,0.010364652147153533,0.0032832,0.0101,0.010901182912400473,0.0032832,0.0098,0.011238022137210509,0.0032832,0.0097
201,0.010744235273594256,0.0035389,0.0098,0.010728887308915525,0.0035389,0.0098,0.011105290442674571,0.0035389,0.0098,0.012071372,0.0035389,0.0094,0.012602490997069796,0.0035389,0.0092
202,0.011007190668437947,0.0038146,0.0097,0.010847255036508192,0.0038146,0.0098,0.011539197444096235,0.0038146,0.0095,0.012343531593029873,0.0038146,0.0093,0.012940170219946688,0.0038146,0.0091
203,0.011263942077559269,0.0041118,0.0097,0.011396409772702768,0.0041118,0.0096,0.011424765707445416,0.0041118,0.0096,0.011876900666917899,0.0041118,0.0094,0.012347371584192652,0.0041118,0.0093
204,0.011526813472596273,0.0044322,0.0095,0.011301921990153632,0.0044322,0.0096,0.011804924832560555,0.0044322,0.0094,0.012788730568464584,0.0044322,0.0091,0.013352849270221616,0.0044322,0.0089
205,0.011903876604836423,0.0047775,0.0094,0.011579925350366465,0.0047775,0.0095,0.012279691739948667,0.0047775,0.0092,0.013088489878609035,0.0047775,0.009,0.013669768540874736,0.0047775,0.0088
206,0.012056012254716782,0.0051497,0.0093,0.011931896540352326,0.0051497,0.0094,0.012359371556576336,0.0051497,0.0092,0.013433489084639979,0.0051497,0.0089,0.014046447673998605,0.0051497,0.0087
207,0.012098132157783515,0.0055509,0.0093,0.012159932015559491,0.0055509,0.0093,0.012531571160282215,0.0055509,0.0092,0.013553248809029153,0.0055509,0.0089,0.014032767705481206,0.0055509,0.0087
208,0.010694411388257198,0.0059833,0.0099,0.010311600269245264,0.0059833,0.0101,0.010997170691497568,0.0059833,0.0098,0.012117692112768922,0.0059833,0.0094,0.012604410992651183,0.0059833,0.0092
209,0.011967920457448149,0.0064495,0.0094,0.011919644568548585,0.0064495,0.0093,0.012129932084600281,0.0064495,0.0093,0.012669810842142267,0.0064495,0.0091,0.013063289936603295,0.0064495,0.009
210,0.012341251598276974,0.0069519,0.0092,0.012154412028262996,0.0069519,0.0093,0.012406171448872709,0.0069519,0.0092,0.013252769500541684,0.0069519,0.0089,0.013572208765395376,0.0069519,0.0088
211,0.012310051670079392,0.0074935,0.0092,0.012523411179061309,0.0074935,0.0091,0.012361771551053074,0.0074935,0.0092,0.012571411,0.0074935,0.0092,0.013030530011995837,0.0074935,0.009
212,0.011766332921374623,0.0080773,0.0094,0.012366092,0.0080773,0.0092,0.011390194,0.0080773,0.0096,0.010888006942723188,0.0080773,0.0099,0.010813739113640562,0.0080773,0.0099
213,0.012215491887695955,0.0087066,0.0093,0.012522811180442125,0.0087066,0.0092,0.011977892434498991,0.0087066,0.0094,0.011451861645087776,0.0087066,0.0096,0.011521629484526522,0.0087066,0.0096
214,0.012810450518479054,0.0093849,0.0091,0.012615810966415683,0.0093849,0.0091,0.012918090270760709,0.0093849,0.0091,0.012997170088769194,0.0093849,0.009,0.013302089387038628,0.0093849,0.0089
215,0.013119449807358944,0.010116,0.009,0.012842130445571982,0.010116,0.009,0.013059929944335866,0.010116,0.009,0.013477768982735776,0.010116,0.0089,0.014182167361658083,0.010116,0.0087
216,0.013080809896283475,0.010904,0.009,0.013002810075789524,0.010904,0.009,0.013352489271050103,0.010904,0.0089,0.013859008,0.010904,0.0088,0.014308287071410613,0.010904,0.0086
217,0.013380809205875602,0.011754,0.0089,0.013222529570134796,0.011754,0.0089,0.013595368712095888,0.011754,0.0088,0.013801288238199923,0.011754,0.0088,0.014460926720131086,0.011754,0.0086
218,0.013934008,0.012669,0.0087,0.013498408935235715,0.012669,0.0088,0.013710808446426938,0.012669,0.0088,0.013843288141542821,0.012669,0.0088,0.014552966508313949,0.012669,0.0086
219,0.013811728,0.013656,0.0087,0.013481849,0.013656,0.0088,0.013824688,0.013656,0.0088,0.013955248,0.013656,0.0088,0.014671886234636267,0.013656,0.0085
220,0.013874008070845052,0.01472,0.0088,0.013873888071121217,0.01472,0.0087,0.014048847668475344,0.01472,0.0087,0.013676488525409598,0.01472,0.0089,0.014473526691133954,0.01472,0.0086
221,0.014148087440088417,0.015867,0.0087,0.013955967882225622,0.015867,0.0087,0.014176527,0.015867,0.0087,0.013395569171907533,0.015867,0.009,0.013775008298679654,0.015867,0.0088
222,0.014053047658809633,0.017103,0.0087,0.014177367,0.017103,0.0086,0.013989087806004594,0.017103,0.0087,0.012790890563493647,0.017103,0.0091,0.013340249299218747,0.017103,0.009
223,0.013909407989376923,0.018436,0.0087,0.014336367006788435,0.018436,0.0086,0.014118327508576878,0.018436,0.0087,0.012494131,0.018436,0.0093,0.013360169253375662,0.018436,0.0089
224,0.014261967178009588,0.019872,0.0086,0.014055927652181718,0.019872,0.0087,0.013638088613781806,0.019872,0.0088,0.011982104424805665,0.019872,0.0094,0.012587251032142513,0.019872,0.0092
225,0.014013568,0.02142,0.0087,0.014217687279913791,0.02142,0.0086,0.013886608041847923,0.02142,0.0087,0.013422569109770823,0.02142,0.0089,0.013868488083548559,0.02142,0.0088
226,0.015275844844707133,0.023089,0.0084,0.014979205527382437,0.023089,0.0084,0.015201205016480611,0.023089,0.0084,0.015642444,0.023089,0.0083,0.016545081923729492,0.023089,0.0081
227,0.015576084153746929,0.024888,0.0083,0.015316404751363987,0.024888,0.0083,0.015763283722932415,0.024888,0.0082,0.015905483,0.024888,0.0082,0.016741761,0.024888,0.008
228,0.016801521,0.026827,0.008,0.015969323248760284,0.026827,0.0082,0.017427439893101845,0.026827,0.0079,0.018887596532748633,0.026827,0.0076,0.020131514,0.026827,0.0074
229,0.013030770011443512,0.028917,0.009,0.014546007,0.028917,0.0085,0.011619909258348902,0.028917,0.0095,0.009284103,0.028917,0.0107,0.009107811,0.028917,0.0108
230,0.015211885,0.03117,0.0084,0.015786563669356764,0.03117,0.0082,0.014749166056787198,0.03117,0.0085,0.013596328709886583,0.03117,0.0089,0.013544248829741392,0.03117,0.0089
231,0.013265249471820716,0.033598,0.0089,0.012811770515441261,0.033598,0.0091,0.013511849,0.033598,0.0089,0.015126805187701764,0.033598,0.0085,0.015090565271103036,0.033598,0.0085
232,0.006598425,0.036216,0.0126,0.006182362,0.036216,0.013,0.007565419,0.036216,0.0118,0.010747259266634945,0.036216,0.01,0.010642259508277702,0.036216,0.01
233,0.009640526,0.039037,0.0105,0.009111807,0.039037,0.0107,0.010426512004791432,0.039037,0.0101,0.012625650943770307,0.039037,0.0092,0.012719970726706071,0.039037,0.0092
234,0.013514488898229853,0.042078,0.0089,0.013296689,0.042078,0.0089,0.014266527167515388,0.042078,0.0087,0.016497082,0.042078,0.0081,0.017018720833713537,0.042078,0.008
235,0.015230245,0.045357,0.0084,0.014817326,0.045357,0.0085,0.016168762789777132,0.045357,0.0082,0.018692116982618405,0.045357,0.0076,0.018891316524187577,0.045357,0.0076
236,0.016878081,0.04889,0.008,0.016194322730954377,0.04889,0.0081,0.017348360075093362,0.04889,0.0079,0.019881914,0.04889,0.0074,0.020844432029356146,0.04889,0.0073
237,0.018777196786818735,0.052699,0.0076,0.018310277861369552,0.052699,0.0077,0.019444635,0.052699,0.0075,0.021465430600211843,0.052699,0.0072,0.022348149,0.052699,0.007
238,0.013816408203403366,0.056805,0.0088,0.013476449,0.056805,0.0089,0.013980808,0.056805,0.0087,0.014400926858212662,0.056805,0.0087,0.015098245253428594,0.056805,0.0085
239,0.014789725963444054,0.06123,0.0085,0.014423966805189335,0.06123,0.0086,0.015334885,0.06123,0.0084,0.016829001,0.06123,0.0081,0.017749519151879955,0.06123,0.0078
240,0.017531719653116066,0.066001,0.0078,0.016967961,0.066001,0.0079,0.017646439389104096,0.066001,0.0078,0.020054593847061996,0.066001,0.0074,0.020830512,0.066001,0.0073
241,0.018204078,0.071143,0.0077,0.017874919,0.071143,0.0078,0.018944356402123462,0.071143,0.0076,0.02160847,0.071143,0.0071,0.022654268,0.071143,0.007
242,0.017527039663886433,0.076685,0.0079,0.017485759758886554,0.076685,0.0078,0.017090601,0.076685,0.008,0.018499517425860264,0.076685,0.0077,0.019397595359055247,0.076685,0.0075
243,0.012448171352215607,0.08266,0.0093,0.013208009603550537,0.08266,0.009,0.012143492053393844,0.08266,0.0094,0.013068449924728281,0.08266,0.0091,0.013460249023055596,0.08266,0.009
244,0.007442395,0.089099,0.0119,0.007762314,0.089099,0.0116,0.007171711,0.089099,0.0121,0.008189009,0.089099,0.0115,0.008361089,0.089099,0.0113
245,0.010927127,0.096041,0.0099,0.010830767,0.096041,0.0099,0.011718933030459068,0.096041,0.0096,0.014226567259477718,0.096041,0.0087,0.014497166636729814,0.096041,0.0087
246,0.015879683,0.10352,0.0082,0.015521484279401162,0.10352,0.0083,0.016731201495400447,0.10352,0.008,0.019568835,0.10352,0.0075,0.020012234,0.10352,0.0074
247,0.019625474834621424,0.11159,0.0074,0.019014916239739534,0.11159,0.0075,0.020098873745157796,0.11159,0.0074,0.023160187,0.11159,0.0069,0.024021304718212903,0.11159,0.0068
248,0.018582677234479202,0.12028,0.0076,0.018047598,0.12028,0.0077,0.019461795211307958,0.12028,0.0075,0.023141706742488794,0.12028,0.0069,0.024323944021729438,0.12028,0.0068
249,0.022133469,0.12965,0.007,0.021596350298917842,0.12965,0.0071,0.023247906498084406,0.12965,0.0069,0.026855698,0.12965,0.0065,0.028521294362094763,0.12965,0.0063
250,0.019103596035654962,0.13975,0.0075,0.018496637432488177,0.13975,0.0076,0.019976114027672697,0.13975,0.0074,0.023743985356425943,0.13975,0.0069,0.024578583435711232,0.13975,0.0068
251,0.015359725,0.15064,0.0084,0.014836405856016588,0.15064,0.0085,0.016441642,0.15064,0.0081,0.019661835,0.15064,0.0075,0.019876994255783462,0.15064,0.0074
252,0.015529404261174395,0.16238,0.0083,0.014542646532063979,0.16238,0.0086,0.016970960943626472,0.16238,0.008,0.022267748753785017,0.16238,0.0071,0.022398068453871836,0.16238,0.007
253,0.015032725404213673,0.17503,0.0085,0.014344166988837831,0.17503,0.0086,0.016298482491244767,0.17503,0.0082,0.019681154706481723,0.17503,0.0075,0.020574792649894744,0.17503,0.0073
254,0.011250190109207569,0.18866,0.0097,0.010357392163861405,0.18866,0.0101,0.011712645044930017,0.18866,0.0096,0.013969167851847675,0.18866,0.0089,0.014878765758530995,0.18866,0.0086
255,0.010566335683006129,0.20336,0.0101,0.009977041,0.20336,0.0103,0.011130526,0.20336,0.0098,0.012818130500804614,0.20336,0.0092,0.013301489388419442,0.20336,0.0091
256,0.011045446580397135,0.21921,0.0098,0.010409256044503691,0.21921,0.0101,0.011766344921347009,0.21921,0.0096,0.014431406788067222,0.21921,0.0087,0.014927125647237248,0.21921,0.0086
257,0.013593449,0.23628,0.0089,0.01283229,0.23628,0.0091,0.014232807245117234,0.23628,0.0087,0.016151482829544622,0.23628,0.0082,0.017070560714411057,0.23628,0.0081
258,0.013546048825598943,0.25469,0.0089,0.013152089732242566,0.25469,0.009,0.014174007380437177,0.25469,0.0087,0.016158563,0.25469,0.0082,0.016995321,0.25469,0.0081
259,0.015271404854925168,0.27453,0.0084,0.014769566009839462,0.27453,0.0086,0.015534924248470892,0.27453,0.0084,0.017754199141109588,0.27453,0.0079,0.018587717222880346,0.27453,0.0077
260,0.014050528,0.29592,0.0088,0.013573408762633746,0.29592,0.0089,0.014289327,0.29592,0.0087,0.016682602,0.29592,0.0081,0.017263040271445363,0.29592,0.008
261,0.014805205927819007,0.31898,0.0085,0.014269767160058983,0.31898,0.0087,0.015570324167002762,0.31898,0.0083,0.018522797,0.31898,0.0077,0.019379475400755884,0.31898,0.0075
262,0.014958925574054012,0.34383,0.0085,0.014433806782543955,0.34383,0.0086,0.015541644233005754,0.34383,0.0083,0.017886078837606286,0.34383,0.0079,0.018694997,0.34383,0.0077
263,0.012829890473740625,0.37061,0.0092,0.012278852,0.37061,0.0093,0.013406969145672035,0.37061,0.009,0.015559284,0.37061,0.0084,0.016439242,0.37061,0.0082
264,0.011304489984243743,0.39949,0.0097,0.010431803992612634,0.39949,0.0101,0.011612733274863457,0.39949,0.0096,0.013507648913971151,0.39949,0.009,0.014445326756032294,0.39949,0.0087
265,0.009032055,0.43061,0.0109,0.008577316,0.43061,0.0111,0.009464042,0.43061,0.0106,0.010939271,0.43061,0.01,0.011373249826002256,0.43061,0.0098
266,0.010201356522956352,0.46416,0.0102,0.009807013,0.46416,0.0104,0.010594931617196449,0.46416,0.0101,0.012289651717027126,0.46416,0.0094,0.01297101,0.46416,0.0092
267,0.021776349884673116,0.50032,0.0071,0.021263951063889768,0.50032,0.0072,0.022412588420456098,0.50032,0.007,0.026160539795052423,0.50032,0.0066,0.027778616071268504,0.50032,0.0064
268,0.02626206,0.5393,0.0065,0.025312861745868914,0.5393,0.0066,0.027710216228681497,0.5393,0.0063,0.032649885,0.5393,0.0059,0.033366163212283736,0.5393,0.0059
269,0.027572456545716797,0.58131,0.0064,0.026821858,0.58131,0.0064,0.029280653,0.58131,0.0062,0.033603522666033024,0.58131,0.0059,0.035751158,0.58131,0.0057
270,0.030725809,0.6266,0.0061,0.029584251915841582,0.6266,0.0061,0.032611005,0.6266,0.0059,0.037927592714770066,0.6266,0.0055,0.039659309,0.6266,0.0054
271,0.031473408,0.67542,0.006,0.030322970215781224,0.67542,0.0061,0.033082124,0.67542,0.0058,0.039374069385899456,0.67542,0.0054,0.041440225,0.67542,0.0053
272,0.033270163433214255,0.72804,0.0058,0.032496285214190415,0.72804,0.0059,0.03475984,0.72804,0.0057,0.039798628,0.72804,0.0054,0.041449945,0.72804,0.0053
273,0.032489685,0.78476,0.0059,0.030994129,0.78476,0.006,0.033631002602791664,0.78476,0.0058,0.038731591,0.78476,0.0055,0.040303347247292017,0.78476,0.0054
274,0.024482824,0.8459,0.0068,0.023440866,0.8459,0.0069,0.025334941695054895,0.8459,0.0066,0.030253130376508182,0.8459,0.0062,0.031119288383162563,0.8459,0.0061
275,0.019222155762805775,0.9118,0.0076,0.018422477603157007,0.9118,0.0077,0.020453952927991036,0.9118,0.0074,0.023893505012326656,0.9118,0.0069,0.024547863506408998,0.9118,0.0068
276,0.012209251902056437,0.98284,0.0095,0.011735252992900883,0.98284,0.0096,0.012921570262751978,0.98284,0.0092,0.015058765,0.98284,0.0086,0.016081042991652396,0.98284,0.0083
277,0.012264691774469063,1.0594,0.0094,0.011662665159951971,1.0594,0.0096,0.012654570877214985,1.0594,0.0093,0.014331447018111124,1.0594,0.0088,0.015166165097120252,1.0594,0.0085
278,0.023482745957633118,1.1419,0.0069,0.022480268264700076,1.1419,0.007,0.024339663985552065,1.1419,0.0068,0.027752096,1.1419,0.0064,0.028964453342224254,1.1419,0.0063
279,0.029819811373733317,1.2309,0.0061,0.028540494317908664,1.2309,0.0062,0.030910489,1.2309,0.006,0.035609438,1.2309,0.0057,0.036972034913857234,1.2309,0.0056
280,0.025498501318644524,1.3268,0.0066,0.024535863534025315,1.3268,0.0067,0.0260895,1.3268,0.0066,0.029863131274038418,1.3268,0.0062,0.03037961,1.3268,0.0061
281,0.031106448,1.4302,0.006,0.029987691,1.4302,0.0061,0.032385525,1.4302,0.0059,0.035928757,1.4302,0.0057,0.037390354,1.4302,0.0056
282,0.033275803,1.5416,0.0058,0.031895446596939304,1.5416,0.0059,0.034495961,1.5416,0.0058,0.038231432,1.5416,0.0055,0.039532829,1.5416,0.0054
283,0.028516974372036638,1.6617,0.0063,0.027411177,1.6617,0.0064,0.029208892779679915,1.6617,0.0062,0.032302725659641575,1.6617,0.006,0.033494082917893825,1.6617,0.0059
284,0.03490972,1.7912,0.0057,0.0346696,1.7912,0.0057,0.035969917,1.7912,0.0056,0.039664348717860794,1.7912,0.0054,0.040626986502480006,1.7912,0.0054
285,0.029580892,1.9307,0.0061,0.029001293257442162,1.9307,0.0062,0.030185450532264197,1.9307,0.0061,0.033020324008185935,1.9307,0.0059,0.034018122,1.9307,0.0058
286,0.035558798,2.0811,0.0056,0.035324438705577284,2.0811,0.0056,0.036548916,2.0811,0.0056,0.03921699,2.0811,0.0054,0.039918268133499565,2.0811,0.0054
287,0.045267016,2.2432,0.005,0.044090419,2.2432,0.0051,0.045774614655909346,2.2432,0.005,0.048999847,2.2432,0.0049,0.049221847,2.2432,0.0049
288,0.073004232,2.418,0.0041,0.072456913,2.418,0.0041,0.073242911,2.418,0.0041,0.076268944,2.418,0.004,0.076306864,2.418,0.004
289,0.049885325,2.6064,0.0048,0.048945967357469616,2.6064,0.0048,0.050497924,2.6064,0.0048,0.053357757,2.6064,0.0047,0.053650917,2.6064,0.0047
290,0.044232738204329665,2.8095,0.0051,0.044150298394053746,2.8095,0.0051,0.044590457,2.8095,0.0051,0.047450291,2.8095,0.005,0.048602768,2.8095,0.0049
291,0.038366911703736774,3.0283,0.0054,0.037835913,3.0283,0.0054,0.038562871,3.0283,0.0054,0.041316505,3.0283,0.0053,0.041753783909308013,3.0283,0.0053
292,0.033208004,3.2643,0.0058,0.032576445,3.2643,0.0058,0.03457168,3.2643,0.0057,0.036594516,3.2643,0.0056,0.037049915,3.2643,0.0056
293,0.022805707515745614,3.5186,0.0069,0.022239549,3.5186,0.007,0.022893427,3.5186,0.0069,0.024981542508355374,3.5186,0.0067,0.025717621,3.5186,0.0066
294,0.02156407,3.7927,0.0071,0.021157271,3.7927,0.0071,0.022066149217739108,3.7927,0.007,0.023626505626789664,3.7927,0.0068,0.023870345065626145,3.7927,0.0068
295,0.027417416902519587,4.0882,0.0062,0.027015297827942302,4.0882,0.0062,0.028088935357110597,4.0882,0.0062,0.029454772,4.0882,0.0061,0.029879931235375575,4.0882,0.0061
296,0.027292617,4.4067,0.0063,0.026797498,4.4067,0.0063,0.027694496264858873,4.4067,0.0062,0.029459092203879746,4.4067,0.0061,0.029284013,4.4067,0.0061
297,0.027095338,4.75,0.0063,0.027050937745921846,4.75,0.0063,0.027727736188361676,4.75,0.0063,0.028984853,4.75,0.0062,0.029446612,4.75,0.0061
298,0.026494619,5.12,0.0064,0.02623542,5.12,0.0064,0.026931178,5.12,0.0064,0.028462374497690873,5.12,0.0062,0.028575654,5.12,0.0062
299,0.025840140532408035,5.5189,0.0065,0.025225022,5.5189,0.0065,0.025875180451768395,5.5189,0.0065,0.027171177469206373,5.5189,0.0064,0.027545697,5.5189,0.0063
300,0.020541792725839607,5.9489,0.0072,0.020348713170186116,5.9489,0.0072,0.021087671469573438,5.9489,0.0071,0.022021629320195638,5.9489,0.007,0.022125309081590678,5.9489,0.007
301,0.022502228,6.4124,0.0068,0.022062549226024002,6.4124,0.0069,0.022727587695527827,6.4124,0.0068,0.024062824622660454,6.4124,0.0067,0.024182104348154283,6.4124,0.0067
302,0.022567388,6.9119,0.0068,0.022355588551633592,6.9119,0.0069,0.023039346978055965,6.9119,0.0068,0.024037504680930875,6.9119,0.0067,0.024412743817368708,6.9119,0.0066
303,0.019343955,7.4504,0.0074,0.018901396500989872,7.4504,0.0075,0.019484355159389292,7.4504,0.0074,0.020743032262714005,7.4504,0.0072,0.021006792,7.4504,0.0072
304,0.018477917,8.0309,0.0076,0.017861599,8.0309,0.0077,0.018721277,8.0309,0.0076,0.019754715,8.0309,0.0074,0.019943834101960586,8.0309,0.0074
305,0.017703559,8.6565,0.0077,0.017627599432461713,8.6565,0.0078,0.017897958810266134,8.6565,0.0078,0.018749836849783933,8.6565,0.0076,0.019031596201352852,8.6565,0.0076
306,0.017888239,9.3309,0.0077,0.017319080142477173,9.3309,0.0078,0.017953279,9.3309,0.0077,0.018856876603446406,9.3309,0.0076,0.019036756189477838,9.3309,0.0075
307,0.016725682,10.058,0.008,0.016414282224747324,10.058,0.0081,0.016950560990574206,10.058,0.008,0.017673679,10.058,0.0078,0.017876958858594683,10.058,0.0078
308,0.015896123,10.841,0.0082,0.015939683316972587,10.841,0.0082,0.015979883224457928,10.841,0.0082,0.016555881898874806,10.841,0.0081,0.017054840750588426,10.841,0.008
309,0.014568446472688902,11.686,0.0086,0.014465006710741538,11.686,0.0086,0.014732726,11.686,0.0085,0.015346404682323199,11.686,0.0084,0.015887723436551225,11.686,0.0083
310,0.014593406415246967,12.597,0.0086,0.014236047237660828,12.597,0.0087,0.014624726343168385,12.597,0.0086,0.015105565236582644,12.597,0.0085,0.015841403543150202,12.597,0.0083
311,0.014522006579564043,13.578,0.0086,0.014265327170277021,13.578,0.0087,0.014781205983051635,13.578,0.0086,0.015504804,13.578,0.0085,0.015693203884211693,13.578,0.0084
312,0.014385926892733054,14.636,0.0087,0.014176647,14.636,0.0088,0.014410766835567282,14.636,0.0087,0.014900845707716976,14.636,0.0086,0.015401004556668966,14.636,0.0085
313,0.013799128,15.776,0.009,0.014049447667094529,15.776,0.0089,0.014082447591149662,15.776,0.0089,0.014436686775916042,15.776,0.0088,0.014747126061481972,15.776,0.0087
314,0.014835445858225892,17.005,0.0087,0.014548766517979659,17.005,0.0088,0.014665046250377565,17.005,0.0088,0.015038605,17.005,0.0087,0.015571284164793456,17.005,0.0085
315,0.014560526490915672,18.33,0.0088,0.014493566645014708,18.33,0.0088,0.014764286021990642,18.33,0.0088,0.015041965,18.33,0.0087,0.015298764791959971,18.33,0.0087
316,0.014958325575434828,19.758,0.0088,0.014401886856003354,19.758,0.0089,0.014773885999897589,19.758,0.0088,0.015170365087454542,19.758,0.0088,0.015308245,19.758,0.0087
317,0.014386046892456891,21.297,0.009,0.014468246703285134,21.297,0.009,0.014847565830333415,21.297,0.0089,0.015249924904358373,21.297,0.0088,0.015379284606654497,21.297,0.0087
318,0.014108727530669931,22.956,0.0091,0.014213727289027176,22.956,0.0091,0.014254407195407867,22.956,0.0091,0.014769566009839462,22.956,0.0089,0.014863285794156042,22.956,0.0089
319,0.014078967599158393,24.745,0.0091,0.013904488000699612,24.745,0.0092,0.014228007,24.745,0.0091,0.014433806782543955,24.745,0.009,0.014669726239607203,24.745,0.009
320,0.014367807,26.673,0.0091,0.014114607517137938,26.673,0.0091,0.014571326466060987,26.673,0.009,0.015020365,26.673,0.0089,0.015141805,26.673,0.0088
321,0.015156685118937141,28.751,0.0089,0.014956045580681926,28.751,0.0089,0.015141565153733697,28.751,0.0089,0.015481044372468144,28.751,0.0088,0.015768323711333562,28.751,0.0087
322,0.015473604389590261,30.99,0.0089,0.015233124943021212,30.99,0.009,0.015621204049909585,30.99,0.0089,0.015816683600039814,30.99,0.0088,0.015731243796667977,30.99,0.0088
323,0.015267804863210064,33.405,0.009,0.015524484272497086,33.405,0.009,0.015446244452555458,33.405,0.009,0.015852683517190866,33.405,0.0089,0.016021883127800826,33.405,0.0088
324,0.015858444,36.007,0.0089,0.015733044,36.007,0.0089,0.015634764,36.007,0.0089,0.016166722794471903,36.007,0.0088,0.015926603347074367,36.007,0.0089
325,0.015908963387670352,38.813,0.0089,0.016121243,38.813,0.0089,0.016177282770169547,38.813,0.0088,0.016070363016230913,38.813,0.0088,0.016299442,38.813,0.0088
326,0.016309282,41.836,0.0088,0.016119922902175534,41.836,0.0088,0.016245682612756555,41.836,0.0088,0.016251682598948394,41.836,0.0088,0.016367362332727117,41.836,0.0087
327,0.016349722,45.096,0.0088,0.016370002326651527,45.096,0.0087,0.016519401982828405,45.096,0.0087,0.016809561315065905,45.096,0.0086,0.016629201730139122,45.096,0.0087
328,0.016394962,48.609,0.0087,0.016521681977581307,48.609,0.0087,0.016563322,48.609,0.0087,0.016494442,48.609,0.0087,0.016606641782057795,48.609,0.0087
329,0.016474522086113424,52.396,0.0087,0.016088602974254112,52.396,0.0088,0.016213402687044437,52.396,0.0088,0.016342762,52.396,0.0088,0.016508602,52.396,0.0087
330,0.016251802598672233,56.478,0.0088,0.016374442316433493,56.478,0.0088,0.016427602194093217,56.478,0.0088,0.016379242305386964,56.478,0.0088,0.016393042273628203,56.478,0.0088
331,0.016346962,60.878,0.0088,0.016178842766579427,60.878,0.0088,0.016279522534878542,60.878,0.0088,0.016440442,60.878,0.0087,0.016544841924281815,60.878,0.0087
332,0.016052003058483876,65.621,0.0088,0.016208962697262477,65.621,0.0088,0.016233082641753684,65.621,0.0088,0.016348642375808565,65.621,0.0088,0.016306402473017997,65.621,0.0088
333,0.016233442640925196,70.733,0.0088,0.015900683,70.733,0.0089,0.016219162673788607,70.733,0.0088,0.016368922329136996,70.733,0.0087,0.016314202455067393,70.733,0.0088
334,0.016154363,76.244,0.0088,0.016197082724602626,76.244,0.0088,0.016125803,76.244,0.0088,0.016139002858265594,76.244,0.0088,0.016017203,76.244,0.0088
335,0.015813683606943893,82.184,0.0089,0.015784404,82.184,0.0089,0.015697763873717494,82.184,0.0089,0.015886523,82.184,0.0089,0.015810563614124133,82.184,0.0089
336,0.015685523901886135,88.587,0.0089,0.015608004,88.587,0.0089,0.015383724596436459,88.587,0.009,0.015406044545070113,88.587,0.009,0.015495564339052404,88.587,0.009
337,0.014964445561350506,95.488,0.0091,0.014942125612716853,95.488,0.0091,0.015139045159533123,95.488,0.0091,0.015035605397585758,95.488,0.0091,0.015374844616872533,95.488,0.009
338,0.014179767367181347,102.93,0.0094,0.014199327322166751,102.93,0.0094,0.014229807252021312,102.93,0.0094,0.014317527,102.93,0.0093,0.014487566658822866,102.93,0.0093
339,0.013257089490599809,110.95,0.0097,0.013166249699655313,110.95,0.0097,0.013488328958433419,110.95,0.0096,0.013480168977212513,110.95,0.0096,0.013474048991296833,110.95,0.0096
340,0.012510811,119.59,0.01,0.012389851486430896,119.59,0.01,0.012457651330398717,119.59,0.01,0.012615330967520336,119.59,0.0099,0.012371611528407695,119.59,0.01
341,0.011152522333976756,128.91,0.0106,0.011578653353293791,128.91,0.0104,0.011441482,128.91,0.0104,0.011503353526586168,128.91,0.0104,0.011360445855468863,128.91,0.0104
342,0.01045536,138.95,0.0109,0.010367904139669515,138.95,0.0109,0.010336356212272807,138.95,0.0109,0.010413900033816178,138.95,0.0109,0.010403064,138.95,0.0109
343,0.009602222,149.77,0.0113,0.009391118,149.77,0.0114,0.009538478,149.77,0.0114,0.00954173,149.77,0.0114,0.009794881,149.77,0.0112
344,0.00886798,161.44,0.0118,0.00870958,161.44,0.0119,0.008860768,161.44,0.0118,0.008963979,161.44,0.0117,0.008926767,161.44,0.0118
345,0.008032782,174.02,0.0124,0.007942782,174.02,0.0125,0.007865982,174.02,0.0125,0.008002782,174.02,0.0124,0.007925982,174.02,0.0125
346,0.007060784,187.58,0.0132,0.007003184,187.58,0.0132,0.007037984,187.58,0.0132,0.007004384,187.58,0.0133,0.007166384,187.58,0.0131
347,0.006358785,202.19,0.0138,0.006175186,202.19,0.0141,0.006284386,202.19,0.014,0.006329985,202.19,0.0139,0.006411585,202.19,0.0138
348,0.005319588,217.94,0.0151,0.005375988,217.94,0.0151,0.005377188,217.94,0.0151,0.005369988,217.94,0.0151,0.005533187,217.94,0.0149
349,0.004816789,234.92,0.0159,0.004846789,234.92,0.0159,0.004811989,234.92,0.0159,0.004793989,234.92,0.016,0.004816789,234.92,0.0159
350,0.00438839,253.23,0.0167,0.00418799,253.23,0.0171,0.00429119,253.23,0.0168,0.00428039,253.23,0.0168,0.00422279,253.23,0.0169
351,0.003688792,272.95,0.0181,0.003745191,272.95,0.018,0.003629992,272.95,0.0183,0.003787191,272.95,0.018,0.003700791,272.95,0.0181
352,0.003301192,294.22,0.0192,0.003406792,294.22,0.0189,0.003418792,294.22,0.0189,0.003314392,294.22,0.0192,0.003299992,294.22,0.0192
353,0.002977193,317.14,0.0201,0.002966393,317.14,0.0202,0.002962793,317.14,0.0202,0.003015593,317.14,0.02,0.002891993,317.14,0.0205
354,0.002584794,341.85,0.0216,0.002605194,341.85,0.0216,0.002626794,341.85,0.0215,0.002589594,341.85,0.0217,0.002691594,341.85,0.0212
355,0.002326795,368.48,0.0227,0.002387995,368.48,0.0225,0.002276395,368.48,0.023,0.002419194,368.48,0.0224,0.002386795,368.48,0.0225
356,0.002127595,397.19,0.0238,0.002050795,397.19,0.0242,0.002109595,397.19,0.024,0.002090395,397.19,0.0241,0.002151595,397.19,0.0237
357,0.001861196,428.13,0.0255,0.001855196,428.13,0.0255,0.001855196,428.13,0.0255,0.001851596,428.13,0.0256,0.001837196,428.13,0.0257
358,0.001665596,461.49,0.027,0.001615196,461.49,0.0273,0.001616396,461.49,0.0274,0.001647596,461.49,0.0271,0.001664396,461.49,0.0269
359,0.001407597,497.44,0.0293,0.001454397,497.44,0.0288,0.001445997,497.44,0.0289,0.001343997,497.44,0.0299,0.001365597,497.44,0.0297
360,0.001250397,536.2,0.0311,0.001324797,536.2,0.0301,0.001365597,536.2,0.0297,0.001221597,536.2,0.0314,0.001262397,536.2,0.0308
361,0.001048798,577.97,0.0338,0.001138797,577.97,0.0325,0.001138797,577.97,0.0325,0.001105197,577.97,0.033,0.001129197,577.97,0.0327
362,0.000950398,623,0.0356,0.001017598,623,0.0343,0.000937198,623,0.0359,0.000896398,623,0.0367,0.000973198,623,0.0351
363,0.000809998,671.53,0.0386,0.000855598,671.53,0.0376,0.000905998,671.53,0.0364,0.000850798,671.53,0.0376,0.000855598,671.53,0.0375
364,0.000730798,723.85,0.0405,0.000771598,723.85,0.0395,0.000739198,723.85,0.0406,0.000713998,723.85,0.0411,0.000712798,723.85,0.0411
365,0.000669598,780.24,0.0424,0.000656398,780.24,0.0428,0.000645599,780.24,0.0431,0.000665998,780.24,0.0424,0.000599999,780.24,0.0447
366,0.000537599,841.03,0.0473,0.000513599,841.03,0.0483,0.000527999,841.03,0.0479,0.000515999,841.03,0.0484,0.000505199,841.03,0.049
367,0.000386399,906.55,0.0557,0.000430799,906.55,0.0531,0.000433199,906.55,0.0526,0.000441599,906.55,0.0521,0.000405599,906.55,0.0544
368,0.000376799,977.18,0.0564,0.000347999,977.18,0.0587,0.000376799,977.18,0.0564,0.000387599,977.18,0.0556,0.000356399,977.18,0.058
369,0.000289199,1053.3,0.0644,0.000272399,1053.3,0.0664,0.000277199,1053.3,0.0658,0.000296399,1053.3,0.0636,0.000322799,1053.3,0.061
370,0.000266399,1135.4,0.0671,0.000291599,1135.4,0.0644,0.000238799,1135.4,0.0709,0.000261599,1135.4,0.0677,0.000235199,1135.4,0.0714
371,0.00021,1223.8,0.0756,0.0002076,1223.8,0.076,0.0002088,1223.8,0.0758,0.0002112,1223.8,0.0754,0.000204,1223.8,0.0767
372,0.0002124,1319.2,0.0756,0.0002028,1319.2,0.0769,0.0001968,1319.2,0.0781,0.0001812,1319.2,0.0814,0.000168,1319.2,0.0845
373,0.0001296,1421.9,0.0971,0.0001632,1421.9,0.0857,0.000126,1421.9,0.0976,0.0001668,1421.9,0.0848,0.0001416,1421.9,0.0921
374,0.0001512,1532.7,0.0891,0.0001368,1532.7,0.0937,0.000144,1532.7,0.0913,0.0001416,1532.7,0.0921,0.000132,1532.7,0.0953
375,0.0001044,1652.1,0.1072,0.00012,1652.1,0.1,9.839977354621676e-05,1652.1,0.1104,0.0001068,1652.1,0.106,0.0001116,1652.1,0.1037
376,0.0001044,1780.8,0.1072,7.919981773232082e-05,1780.8,0.1231,9.119979011600579e-05,1780.8,0.1147,8.63998011625318e-05,1780.8,0.1178,0.0001008,1780.8,0.1091
377,7.439982877884684e-05,1919.6,0.127,6.839984258700434e-05,1919.6,0.1324,9.719977630784828e-05,1919.6,0.1111,7.439982877884684e-05,1919.6,0.127,8.27998094474263e-05,1919.6,0.1204
378,6.959983982537283e-05,2069.1,0.1313,6.119985915679335e-05,2069.1,0.14,6.479985087189883e-05,2069.1,0.1361,5.639987020331936e-05,2069.1,0.1459,7.559982601721531e-05,2069.1,0.126
379,3.839991162779191e-05,2230.3,0.1768,4.679989229637139e-05,2230.3,0.1601,4.07999061045289e-05,2230.3,0.1715,4.07999061045289e-05,2230.3,0.1715,4.19999033428974e-05,2230.3,0.169
380,2.159995029063295e-05,2404.1,0.2357,3.359992267431792e-05,2404.1,0.189,2.3999944767369943e-05,2404.1,0.2236,1.9199955813895954e-05,2404.1,0.25,3.4799919912686414e-05,2404.1,0.1857
381,1.4399966860421966e-05,2591.4,0.2887,2.6399939244106934e-05,2591.4,0.2132,2.6399939244106934e-05,2591.4,0.2132,1.0799975145316474e-05,2591.4,0.3333,2.159995029063295e-05,2591.4,0.2357
382,1.1999972383684972e-05,2793.3,0.3162,1.9199955813895954e-05,2793.3,0.25,1.679996133715896e-05,2793.3,0.2673,1.7999958575527458e-05,2793.3,0.2582,2.039995305226445e-05,2793.3,0.2425
383,1.3199969622053467e-05,3010.9,0.3015,1.1999972383684972e-05,3010.9,0.3162,1.5599964098790464e-05,3010.9,0.2773,1.1999972383684972e-05,3010.9,0.3162,1.9199955813895954e-05,3010.9,0.25
384,2.039995305226445e-05,3245.5,0.2425,1.9199955813895954e-05,3245.5,0.25,1.5599964098790464e-05,3245.5,0.2773,1.4399966860421966e-05,3245.5,0.2887,1.3199969622053467e-05,3245.5,0.3015
385,3.5999917151054916e-06,3498.3,0.5773,1.4399966860421966e-05,3498.3,0.2887,1.3199969622053467e-05,3498.3,0.3015,1.1999972383684972e-05,3498.3,0.3162,8.39998066857948e-06,3498.3,0.378
386,1.3199969622053467e-05,3770.9,0.3015,7.199983430210983e-06,3770.9,0.4082,8.39998066857948e-06,3770.9,0.378,8.39998066857948e-06,3770.9,0.378,1.1999972383684972e-05,3770.9,0.3162
387,1.1999972383684972e-05,4064.6,0.3162,4.7999889534739885e-06,4064.6,0.5,8.39998066857948e-06,4064.6,0.378,1.9199955813895954e-05,4064.6,0.25,1.5599964098790464e-05,4064.6,0.2773
388,7.199983430210983e-06,4381.3,0.4082,4.7999889534739885e-06,4381.3,0.5,8.39998066857948e-06,4381.3,0.378,5.999986191842486e-06,4381.3,0.4472,8.39998066857948e-06,4381.3,0.378
389,5.999986191842486e-06,4722.6,0.4472,3.5999917151054916e-06,4722.6,0.5773,5.999986191842486e-06,4722.6,0.4472,5.999986191842486e-06,4722.6,0.4472,5.999986191842486e-06,4722.6,0.4472
390,3.5999917151054916e-06,5090.6,0.5773,1.0799975145316474e-05,5090.6,0.3333,2.3999944767369942e-06,5090.6,0.7071,7.199983430210983e-06,5090.6,0.4082,5.999986191842486e-06,5090.6,0.4472
391,4.7999889534739885e-06,5487.2,0.5,2.3999944767369942e-06,5487.2,0.7071,7.199983430210983e-06,5487.2,0.4082,8.39998066857948e-06,5487.2,0.378,4.7999889534739885e-06,5487.2,0.5
392,3.5999917151054916e-06,5914.7,0.5773,4.7999889534739885e-06,5914.7,0.5,1.1999972383684971e-06,5914.7,1,1.1999972383684971e-06,5914.7,1,3.5999917151054916e-06,5914.7,0.5773
393,0,6375.5,0,3.5999917151054916e-06,6375.5,0.5773,0,6375.5,0,2.3999944767369942e-06,6375.5,0.7071,1.1999972383684971e-06,6375.5,1
394,0,6872.2,0,0,6872.2,0,1.1999972383684971e-06,6872.2,1,1.1999972383684971e-06,6872.2,1,1.1999972383684971e-06,6872.2,1
395,2.3999944767369942e-06,7407.5,0.7071,2.3999944767369942e-06,7407.5,0.7071,1.1999972383684971e-06,7407.5,1,2.3999944767369942e-06,7407.5,0.7071,1.1999972383684971e-06,7407.5,1
396,1.1999972383684971e-06,7984.6,1,1.1999972383684971e-06,7984.6,1,1.1999972383684971e-06,7984.6,1,1.1999972383684971e-06,7984.6,1,1.1999972383684971e-06,7984.6,1
397,1.1999972383684971e-06,8606.7,1,0,8606.7,0,0,8606.7,0,1.1999972383684971e-06,8606.7,1,0,8606.7,0
398,0,9277.2,0,0,9277.2,0,0,9277.2,0,0,9277.2,0,0,9277.2,0
399,0,10000,0,0,10000,0,0,10000,0,0,10000,0,0,10000,0